L25_V060, 33305
L25_V060, 34299
L25_V060, 33331
L25_V060, 33356
L25_V060, 33382
L25_V060, 34147
L25_V060, 34172
L25_V060, 33407
L25_V060, 33433
L25_V060, 33458
L25_V060, 33484
L25_V060, 33509
L25_V060, 33535
L25_V060, 33560
L25_V060, 33586
L25_V060, 33611
L25_V060, 33637
L25_V060, 33662
L25_V060, 33688
L25_V060, 33713
L25_V060, 33739
L25_V060, 33764
L25_V060, 33790
L25_V060, 33815
L25_V060, 33841
L25_V060, 33866
L25_V060, 33892
L25_V060, 33917
L25_V060, 33943
L25_V060, 33968
L25_V060, 33994
L25_V060, 34019
L25_V060, 34045
L25_V060, 34070
L25_V060, 34096
L25_V060, 34121
L25_V060, 34198
L25_V060, 34223
L25_V060, 34249
L25_V060, 34274
